Unnamed: 0,Unnamed: 1,Unnamed: 2,Unnamed: 3,YERS_FP8_A(f),YERS_FP8_A(f).1,YERS_FP8_A(f).2,YERS_P13(p),YERS_P13(p).1,YERS_RP12_A(r),YERS_RP12_A(r).1,YERS_RP12_A(r).2,Unnamed: 12,Unnamed: 13,Unnamed: 14,Unnamed: 15,Unnamed: 16,Unnamed: 17,Unnamed: 18,Unnamed: 19,Unnamed: 20,Unnamed: 21,Unnamed: 22,Unnamed: 23,Unnamed: 24
pass,group,id,hits,gccggtgaattatacgttgaactgta,dCp,Tm,ttggctccattgcctatgatgcttaatttcaatgc,Tm,attacgtatcaacttgatccccaga,dCp,Tm,sum_dcp,max_tm_f,max_tm_r,max_tm_p,/div,/len,/collection_date,/date,/subtype,/country,/taxid,/mol_type,description
1,Yersinia_enterocolitica_BCT,CP068146.1,1,..........................,0,64.7,...................................,70.7,.........................,0,62.9,0,64.7,64.7,70.7,BCT,4541280,XXX,20-JAN-2021,XXX,Germany_Langen,630,DNA,"Yersinia enterocolitica strain FDAARGOS_1082 chromosome, complete genome."
1,Yersinia_enterocolitica_BCT,CP068147.1,1,..........................,0,64.7,...................................,70.7,.........................,0,62.9,0,64.7,64.7,70.7,BCT,4593248,XXX,20-JAN-2021,XXX,Germany_Langen,630,DNA,"Yersinia enterocolitica strain FDAARGOS_1090 chromosome, complete genome."
1,Yersinia_enterocolitica_BCT,FR718532.1,1,..........................,0,64.7,...................................,70.7,.........................,0,62.9,0,64.7,64.7,70.7,BCT,23543,XXX,25-JUL-2016,XXX,XXX,913028,DNA,"Yersinia enterocolitica W22703 biovar 2, serovar O:9, contig 7180000001271."
1,Yersinia_enterocolitica_BCT,LR698980.1,1,..........................,0,64.7,...................................,70.7,.........................,0,62.9,0,64.7,64.7,70.7,BCT,4528241,XXX,09-AUG-2019,XXX,XXX,630,DNA,"Yersinia enterocolitica isolate MGYG-HGUT-02335 genome assembly, chromosome: 1."
1,Yersinia_enterocolitica_BCT,CP011286.1,1,..........................,0,64.7,...................................,70.7,.........................,0,62.9,0,64.7,64.7,70.7,BCT,4581645,1991,02-OCT-2015,XXX,Belgium,630,DNA,"Yersinia enterocolitica strain KNG22703, complete genome."
1,Yersinia_enterocolitica_BCT,CP009838.1,1,..........................,0,64.7,...................................,70.7,.........................,0,62.9,0,64.7,64.7,70.7,BCT,4534244,XXX,28-MAY-2015,O:9,XXX,630,DNA,"Yersinia enterocolitica strain 2516-87, complete genome."
0,Yersinia_enterocolitica_BCT,CP011118.1,1,..........................,0,64.7,...........T.....A.................,64.1,.........................,0,62.9,0,64.7,64.7,64.1,BCT,4735535,2013,05-MAY-2015,XXX,XXX,630,DNA,"Yersinia enterocolitica strain FORC_002, complete genome."
1,Yersinia_enterocolitica_BCT,CP009367.1,1,...A......................,0.8,60.5,...................................,70.7,.........................,0,62.9,0.8,60.5,60.5,70.7,BCT,4548749,XXX,28-MAY-2015,XXX,USA_New_York,630,DNA,"Yersinia enterocolitica strain WA, complete genome."
0,Yersinia_enterocolitica_BCT,CP009456.1,1,..........................,0,64.7,...........T.....A.................,64.1,.........................,0,62.9,0,64.7,64.7,64.1,BCT,4735534,2014-06-01,01-OCT-2015,XXX,South_Korea,630,DNA,"Yersinia enterocolitica strain FORC-002, complete genome."
1,Yersinia_enterocolitica_BCT,CP016940.1,1,.............G............,0.7,60.9,...................................,70.7,.........................,0,62.9,0.7,60.9,60.9,70.7,BCT,4593248,2015,23-AUG-2016,Biotype5,Finland,630,DNA,"Yersinia enterocolitica strain YE5 chromosome, complete genome."
1,Yersinia_enterocolitica_BCT,CP016935.1,1,.............G............,0.7,60.9,...................................,70.7,.........................,0,62.9,0.7,60.9,60.9,70.7,BCT,4661129,2015,23-AUG-2016,Biotype5,Finland,630,DNA,"Yersinia enterocolitica strain YE7 chromosome, complete genome."
1,Yersinia_enterocolitica_BCT,CP016944.1,1,.............G............,0.7,60.9,...................................,70.7,.........................,0,62.9,0.7,60.9,60.9,70.7,BCT,4664930,2015,23-AUG-2016,Biotype5,Finland,630,DNA,"Yersinia enterocolitica strain YE3 chromosome, complete genome."
1,Yersinia_enterocolitica_BCT,CP016931.1,1,.............G............,0.7,60.9,...................................,70.7,.........................,0,62.9,0.7,60.9,60.9,70.7,BCT,4685321,2011-09,23-AUG-2016,Biotype3or5,Switzerland,630,DNA,"Yersinia enterocolitica strain YE165 chromosome, complete genome."
1,Yersinia_enterocolitica_BCT,CP016945.1,1,.............G............,0.7,60.9,...................................,70.7,.........................,0,62.9,0.7,60.9,60.9,70.7,BCT,4668139,2015,23-AUG-2016,Biotype5,Finland,630,DNA,"Yersinia enterocolitica strain YE1 chromosome, complete genome."
1,Yersinia_enterocolitica_BCT,CP016937.1,1,.............G............,0.7,60.9,...................................,70.7,.........................,0,62.9,0.7,60.9,60.9,70.7,BCT,4807490,2015,23-AUG-2016,Biotype5,Finland,630,DNA,"Yersinia enterocolitica strain YE6 chromosome, complete genome."
1,Yersinia_enterocolitica_BCT,LR590469.1,1,...A......................,0.8,60.5,...................................,70.7,.........................,0,62.9,0.8,60.5,60.5,70.7,BCT,4558409,XXX,10-MAY-2019,XXX,XXX,150052,DNA,"Yersinia enterocolitica subsp. enterocolitica strain NCTC12982 genome assembly, chromosome: 1."
1,Yersinia_enterocolitica_BCT,CP009846.1,1,...A......................,0.8,60.5,...................................,70.7,.........................,0,62.9,0.8,60.5,60.5,70.7,BCT,4616187,XXX,28-MAY-2015,XXX,USA_Ohio,630,DNA,"Yersinia enterocolitica strain 8081, complete genome."
1,Yersinia_enterocolitica_BCT,AM286415.1,1,...A......................,0.8,60.5,...................................,70.7,.........................,0,62.9,0.8,60.5,60.5,70.7,BCT,4615899,XXX,06-FEB-2015,XXX,XXX,393305,DNA,Yersinia enterocolitica subsp. enterocolitica 8081 complete genome.
1,Yersinia_enterocolitica_BCT,CP022337.1,1,..........................,0,64.7,...................................,70.7,.........................,0,62.9,0,64.7,64.7,70.7,BCT,4681496,02-Jan-2016,21-SEP-2022,XXX,South_Korea_Jeollanam-do,630,DNA,"Yersinia enterocolitica strain FORC065 chromosome, complete genome."
0,Yersinia_enterocolitica_BCT,CP007448.2,1,...T....CC................,3.6,53.3,..C..G.........T.A..A..C.......GC..,40.7,..C.........T.....T....AG,15.7,37.5,19.3,53.3,53.3,40.7,BCT,4722762,Apr-2008,21-NOV-2017,XXX,China_Zhejiang,1443113,DNA,"Yersinia enterocolitica LC20, complete genome."
1,Yersinia_enterocolitica_BCT,CP030980.1,1,..........................,0,64.7,...................................,70.7,.........................,0,62.9,0,64.7,64.7,70.7,BCT,4522295,2007,25-MAR-2019,O:3,Germany,150053,DNA,"Yersinia enterocolitica subsp. palearctica strain Y1 chromosome, complete genome."
1,Yersinia_enterocolitica_BCT,LR134161.1,1,..........................,0,64.7,...................................,70.7,.........................,0,62.9,0,64.7,64.7,70.7,BCT,4548019,XXX,19-DEC-2018,XXX,XXX,150052,DNA,"Yersinia enterocolitica subsp. enterocolitica strain NCTC13629 genome assembly, chromosome: 1."
1,Yersinia_enterocolitica_BCT,FR729477.2,1,..........................,0,64.7,...................................,70.7,.........................,0,62.9,0,64.7,64.7,70.7,BCT,4553420,XXX,27-FEB-2015,0:3,XXX,930944,DNA,Yersinia enterocolitica subsp. palearctica Y11.
1,Yersinia_enterocolitica_BCT,LR134335.1,1,..........................,0,64.7,...................................,70.7,.........................,0,62.9,0,64.7,64.7,70.7,BCT,4560086,XXX,19-DEC-2018,XXX,XXX,150053,DNA,"Yersinia enterocolitica subsp. palearctica strain NCTC13769 genome assembly, chromosome: 1."
1,Yersinia_enterocolitica_BCT,CP002246.1,1,..........................,0,64.7,...................................,70.7,.........................,0,62.9,0,64.7,64.7,70.7,BCT,4552107,XXX,31-JAN-2014,XXX,XXX,994476,DNA,"Yersinia enterocolitica subsp. palearctica 105.5R(r), complete genome."
1,Yersinia_enterocolitica_BCT,CP022338.1,1,..........................,0,64.7,..............C....................,69.6,.........................,0,62.9,0,64.7,64.7,69.6,BCT,4713469,02-Jan-2016,21-SEP-2022,XXX,South_Korea_Chungcheongbuk-do,630,DNA,"Yersinia enterocolitica strain FORC066 chromosome, complete genome."
1,Yersinia_enterocolitica_BCT,HF571988.1,1,..........................,0,64.7,..............C....................,69.6,.........................,0,62.9,0,64.7,64.7,69.6,BCT,4940199,XXX,03-NOV-2016,O:5,XXX,1262462,DNA,Yersinia enterocolitica (type O:5) YE53/03 complete genome.
